chain,apr,blockTime,blockHeight,inflation,tokenBonded,tokenSupply,tokenCommunity,validatorsActive,validatorsInactive,validatorsTotal,txs,tps,tpb,accountsMonthly,accountsTotal,marketGeckoId,marketPrice,marketCap,marketCapRank,marketFullyDilutedValuation,marketVolume,marketHigh24h,marketLow24h,marketChange24h,marketChangePercentage24h,marketCapChange24h,marketCapChangePercentage24h,marketSupplyCirculating,marketSupplyTotal,marketSupplyMax,marketAth,marketAthDate,marketAtl,marketAtlDate,marketPriceChangePercentage1h,marketPriceChangePercentage24h,marketPriceChangePercentage7d,marketPriceChangePercentage14d,marketPriceChangePercentage30d,marketPriceChangePercentage1y,timestamp
babylon,0.197963,9.912148,1785224,0.04,2020582887,10463744390,0,100,38,138,102169322,57.23053353528745,57.23053353528745,8678,263554,babylon,0.02659179,75999696,580,278560608,10238335,0.02816118,0.02624862,-0.00094238,-3.423,-2238516,-2.861,2854816839,10463719627,0,0.166134,1744445501743,0.01824072,1760131872598,-0.141,-3.423,-17.989,-17.01,-45.77,0,1761955200000
babylon,0.197624,9.9114822,1776506,0.04,2024051251,10461554060,0,100,38,138,101649616,57.21884192904499,57.21884192904499,8977,263554,babylon,0.02753417,78238212,566,286926163,12071731,0.03100372,0.0267348,-0.00294068,-9.65,-8667391,-9.973,2852619037,10461525345,0,0.166134,1744445501743,0.01824072,1760131872598,1.061,-9.65,-12.618,-15.651,-43.429,0,1761868800000
babylon,0.19766,9.916637300000001,1763454,0.04,2023671952,10459363762,0,100,38,138,100872183,57.201482431637004,57.201482431637004,8977,263554,babylon,0.03049461,86854291,547,318703422,10653526,0.03163286,0.03036202,-0.00027205,-0.884,-751199,-0.857,2850421235,10459345089,0,0.166134,1744445501743,0.01824072,1760131872598,-2.192,-0.884,0.702,-11.348,-33.414,0,1761782400000
babylon,0.197666,9.9223488,1759082,0.04,2023610615,10457130078,0,100,38,138,100612425,57.195983473197956,57.195983473197956,9058,263100,babylon,0.03079667,87605490,549,321640418,11622767,0.03309269,0.03041682,-0.00047936,-1.533,-1445743,-1.623,2848223433,10457150363,0,0.166134,1744445501743,0.01824072,1760131872598,-0.293,-1.533,-7.565,-14.248,-34.859,0,1761696000000
babylon,0.197658,9.939173,1750375,0.04,2023690457,10454939640,0,100,38,138,100098838,57.18708162536599,57.18708162536599,9296,263084,babylon,0.03126941,88993205,549,326918495,9357163,0.03339842,0.03118075,-0.00166735,-5.062,-4728482,-5.045,2846025630,10454937709,0,0.166134,1744445501743,0.01824072,1760131872598,-0.843,-5.062,-6.408,-18.233,-35.027,0,1761609600000
babylon,0.196549,9.947797999999999,1741679,0.04,2035115827,10452749381,0,100,38,138,99581215,57.17541234636233,57.17541234636233,9262,262905,babylon,0.03296051,93794053,537,344749343,8369691,0.0331115,0.03130026,0.00079124,2.46,2153006,2.349,2843827828,10452771181,0,0.166134,1744445501743,0.01824072,1760131872598,-0.247,2.46,-1.09,-8.495,-33.729,0,1761523200000
babylon,0.196563,9.9269608,1732998,0.04,2034978678,10450559126,0,100,38,138,99067349,57.165299094401725,57.165299094401725,9612,262621,babylon,0.03216181,91548422,532,336684415,4006731,0.03245335,0.03164124,-0.00027688,-0.854,-682923,-0.74,2841630026,10450562889,0,0.166134,1744445501743,0.01824072,1760131872598,-0.153,-0.854,-1.135,1.876,-33.569,0,1761436800000
babylon,0.196523,10.0103668,1724292,0.04,2035386119,10448368638,0,100,38,138,98550208,57.15401335736639,57.15401335736639,10839,262479,babylon,0.03247204,92231344,524,339387591,9673373,0.03254855,0.03141904,0.00082769,2.616,2493339,2.778,2839432224,10448379254,0,0.166134,1744445501743,0.01824072,1760131872598,0.147,2.616,1.123,17.616,-41.588,0,1761350400000
babylon,0.192553,10.0292876,1715654,0.04,2077348095,10446178467,0,100,38,138,98038144,57.14330745010358,57.14330745010358,10839,262479,babylon,0.03161772,89738005,526,330398930,7701988,0.03217711,0.03074231,0.00087541,2.848,2579841,2.96,2837234422,10446178467,0,0.166134,1744445501743,0.01824072,1760131872598,0.234,2.848,-3.938,-32.717,-42.341,0,1761264000000
babylon,0.196372,9.9607962,1707047,0.04,2036949555,10443988086,0,100,37,137,97531079,57.134384114790045,57.134384114790045,13706,262440,babylon,0.03074231,87158164,527,321082629,11865490,0.03222087,0.03019121,-0.00114379,-3.587,-3289535,-3.637,2835036619,10444013116,0,0.166134,1744445501743,0.01824072,1760131872598,1.825,-3.587,-10.628,-37.473,-42.703,0,1761177600000
babylon,0.196381,9.9736352,1698373,0.04,2036860743,10441797663,0,100,37,137,97014641,57.12210509705465,57.12210509705465,14229,262358,babylon,0.03191611,90447698,521,333389493,10530330,0.03511397,0.03173759,-0.00133086,-4.003,-3731652,-3.962,2832838817,10441821253,0,0.166134,1744445501743,0.01824072,1760131872598,-1.785,-4.003,-11.095,-36.337,-48.417,0,1761091200000
babylon,0.196386,9.9644852,1689710,0.04,2036804228,10439607255,0,100,37,137,96503699,57.11258085707015,57.11258085707015,14539,262159,babylon,0.03324852,94179350,516,347340528,9506000,0.03440455,0.03249791,0.0002102,0.636,706432,0.756,2830641015,10439617019,0,0.166134,1744445501743,0.01824072,1760131872598,-0.534,0.636,-13.058,-36.994,-40.441,0,1761004800000
babylon,0.196418,9.963730199999999,1681041,0.04,2036475279,10437417068,0,100,37,137,96004474,57.11013235251252,57.11013235251252,14936,261944,babylon,0.03302832,93472918,518,344930474,8310693,0.03382964,0.03185544,0.00054986,1.693,1656471,1.804,2828443213,10437421681,0,0.166134,1744445501743,0.01824072,1760131872598,-0.956,1.693,-8.306,-36.375,-40.176,0,1760918400000
babylon,0.196028,9.9620282,1672370,0.04,2040522291,10435226562,0,100,37,137,95490734,57.09904745959327,57.09904745959327,15455,261704,babylon,0.03248395,91816447,519,339009953,6609433,0.03325908,0.03187232,0.00061163,1.919,1750535,1.944,2826245411,10435225510,0,0.166134,1744445501743,0.01824072,1760131872598,-0.145,1.919,2.896,-40.11,-45.231,0,1760832000000
babylon,0.196396,9.9685393,1663697,0.04,2036705558,10433036250,0,100,37,137,94973918,57.08606675374182,57.08606675374182,15455,261704,babylon,0.03187444,90065911,520,332736072,15311091,0.03337177,0.03026555,-0.00096632,-2.942,-2616263,-2.823,2824047608,10433053918,0,0.166134,1744445501743,0.01824072,1760131872598,-0.29,-2.942,1.138,-44.309,-39.16,0,1760745600000
babylon,0.196249,9.9772802,1655029,0.04,2038222120,10430846063,0,100,37,137,94457648,57.07310748029189,57.07310748029189,15707,261425,babylon,0.03282218,92671703,518,342557601,18181445,0.03670492,0.0325163,-0.00173219,-5.013,-4840183,-4.964,2821849806,10430865814,0,0.166134,1744445501743,0.01824072,1760131872598,0.518,-5.013,-30.154,-34.975,-41.494,0,1760659200000
babylon,0.196269,9.9639632,1646370,0.04,2038024248,10428655627,0,100,37,137,93941972,57.060060618208546,57.060060618208546,15707,261425,babylon,0.03456561,97511886,509,360654252,12930793,0.03696887,0.03425413,-0.00161379,-4.461,-4516683,-4.427,2819652004,10428672103,0,0.166134,1744445501743,0.01824072,1760131872598,0.49,-4.461,-29.697,-29.509,-28.415,0,1760572800000
babylon,0.196118,9.9563955,1637700,0.04,2039590277,10426465360,0,100,37,137,93425868,57.04699761861147,57.04699761861147,15838,261264,babylon,0.03620697,102028569,506,377574619,24268168,0.03845873,0.03416459,-0.0020667,-5.4,-5741274,-5.327,2817454202,10426483568,0,0.166134,1744445501743,0.01824072,1760131872598,0.96,-5.4,-27.778,-25.61,-29.237,0,1760486400000
babylon,0.196159,9.960183599999999,1629021,0.04,2039158332,10424274940,0,100,37,137,92908773,57.033502330540855,57.033502330540855,15818,261042,babylon,0.03828092,107769843,500,399048354,28995859,0.03877,0.03533894,0.00250905,7.014,7246664,7.209,2815256400,10424283870,0,0.166134,1744445501743,0.01824072,1760131872598,-0.576,7.014,-27.458,-16.413,-26.613,0,1760400000000
babylon,0.197314,9.9435193,1620348,0.04,2027224032,10422084717,0,100,37,137,92391025,57.01924833430843,57.01924833430843,15800,260611,babylon,0.03574259,100523179,509,372428363,21792355,0.03663559,0.03091578,0.00410561,12.977,11530180,12.956,2813058597,10422101849,0,0.166134,1744445501743,0.01824072,1760131872598,-0.966,12.977,-30.895,-24.398,-29.967,0,1760313600000
babylon,0.1993,9.9442418,1611660,0.04,2007026322,10419894406,0,100,37,137,91874762,57.00629289056005,57.00629289056005,15896,260515,babylon,0.03163828,88992999,519,329898646,28340685,0.03508032,0.03094771,-0.00251903,-7.375,-6330812,-6.641,2810860795,10419911482,0,0.166134,1744445501743,0.01824072,1760131872598,0.181,-7.375,-42.053,-34.121,-37.614,0,1760227200000
babylon,0.199351,9.946359600000001,1602971,0.04,2006503741,10417704126,0,100,37,137,91356718,56.99212150438155,56.99212150438155,15459,260184,babylon,0.03394252,95323811,500,353568894,59696356,0.04809799,0.01824072,-0.01300451,-27.7,-30711438,-24.367,2808662993,10417710560,0,0.166134,1744445501743,0.01824072,1760131872598,7.932,-27.7,-40.695,-31.755,-32.852,0,1760140800000
babylon,0.200339,9.94473,1594285,0.04,1996620894,10415513551,0,100,37,137,90836930,56.976594523563854,56.976594523563854,15459,260184,babylon,0.04694614,125962071,470,488650056,18893294,0.04901444,0.04552961,-0.0020683,-4.22,-5659654,-4.3,2684865191,10415512514,0,0.166134,1744445501743,0.03805236,1750623744674,-0.098,-4.22,-6.993,-3.032,-5.422,0,1760054400000
babylon,0.200671,9.949406100000001,1585599,0.04,1993313012,10413323255,0,100,37,137,90322087,56.9640161226136,56.9640161226136,15458,260024,babylon,0.0490165,131621724,469,510917875,16895034,0.050681,0.04880027,-0.00095574,-1.913,-2467583,-1.84,2682667389,10413347297,0,0.166134,1744445501743,0.03805236,1750623744674,0.161,-1.913,-0.038,-11.828,-1.695,0,1759968000000
babylon,0.200681,9.951587,1576917,0.04,1993219807,10411133132,0,100,37,137,89812965,56.95478265501608,56.95478265501608,15449,259826,babylon,0.050044,134142242,460,521018740,20455895,0.053382,0.04974799,-0.00283558,-5.362,-7449907,-5.262,2680469586,10411149167,0,0.166134,1744445501743,0.03805236,1750623744674,-0.177,-5.362,2.819,-8.738,6.117,0,1759881600000
babylon,0.200554,9.9444807,1568232,0.04,1994473152,10408942782,0,100,37,137,89295899,56.94049031010718,56.94049031010718,15732,259636,babylon,0.052867,141592148,451,550289535,24854686,0.055273,0.051484,0.00119723,2.317,3219197,2.326,2678271784,10408945373,0,0.166134,1744445501743,0.03805236,1750623744674,0.466,2.317,15.436,-1.468,16.466,0,1759795200000
babylon,0.201585,9.9322443,1559542,0.04,1984273791,10406752482,0,100,37,137,88781341,56.92782945249311,56.92782945249311,15881,259411,babylon,0.051679,138372951,448,538107579,23484376,0.055556,0.051059,-0.00387688,-6.978,-10277186,-6.914,2676073982,10406771533,0,0.166134,1744445501743,0.03805236,1750623744674,-0.083,-6.978,9.312,-14.088,14.216,0,1759708800000
babylon,0.201625,9.9328158,1550845,0.04,1983880770,10404561968,0,100,37,137,88265468,56.91443567861392,56.91443567861392,15879,259231,babylon,0.055489,148650137,425,578422468,37314737,0.057825,0.053316,-0.00215349,-3.736,-3741253,-2.455,2673876180,10404594078,0,0.166134,1744445501743,0.03805236,1750623744674,1.632,-3.736,15.542,-0.189,23.891,0,1759622400000
babylon,0.201505,9.9437397,1542144,0.04,1985060689,10402371665,0,100,37,137,87746312,56.89890957005312,56.89890957005312,16197,259001,babylon,0.057411,152391389,427,593348310,62923287,0.057876,0.04863619,0.00633867,12.411,16308736,11.984,2671678378,10402397798,0,0.166134,1744445501743,0.03805236,1750623744674,-0.472,12.411,15.432,4.784,22.878,0,1759536000000
babylon,0.202682,9.965340300000001,1533453,0.04,1973529514,10400181540,0,100,36,136,87225483,56.881745315963386,56.881745315963386,16197,259001,babylon,0.051037,136082653,449,530173560,15668154,0.051153,0.04907321,0.00175045,3.552,4868834,3.711,2669480575,10400208936,0,0.166134,1744445501743,0.03805236,1750623744674,0.083,3.552,6.581,-13.73,14.061,0,1759449600000
babylon,0.203967,9.967083,1524783,0.04,1961102547,10397991060,0,100,36,136,86709248,56.86661511834799,56.86661511834799,16701,258743,babylon,0.04919436,131230803,448,511583495,12592704,0.05099,0.04764394,0.00044946,0.922,1328188,1.022,2667282773,10397999655,0,0.166134,1744445501743,0.03805236,1750623744674,-0.001,0.922,-11.508,-6.101,15.826,0,1759363200000
babylon,0.204029,9.9651142,1516114,0.04,1960505522,10395800773,0,100,36,136,86192498,56.8509346922461,56.8509346922461,16900,258282,babylon,0.04874269,129743932,440,506097695,32815766,0.04928032,0.04503591,0.00341528,7.535,9062054,7.509,2665084971,10395810725,0,0.166134,1744445501743,0.03805236,1750623744674,-0.237,7.535,-11.112,-13.116,4.926,0,1759276800000
babylon,0.204028,9.9798886,1507444,0.04,1960517939,10393610361,0,100,36,136,85680286,56.838122013156045,56.838122013156045,16966,258114,babylon,0.04532245,120701030,467,471113561,10313049,0.04810064,0.04491755,-0.00254015,-5.307,-6668024,-5.235,2662887169,10393633447,0,0.166134,1744445501743,0.03805236,1750623744674,0.037,-5.307,-15.529,-6.192,-2.404,0,1759190400000
babylon,0.202958,9.928369400000001,1498793,0.04,1970846784,10391420200,0,100,36,136,85167417,56.82400238058224,56.82400238058224,16918,257970,babylon,0.04787124,127411519,443,497611062,10771348,0.04815937,0.04608119,0.00013599,0.285,514230,0.405,2660689367,10391434584,0,0.166134,1744445501743,0.03805236,1750623744674,-0.553,0.285,-20.419,-6.441,3.75,0,1759104000000
babylon,0.202996,9.930891599999999,1490091,0.04,1970480470,10389229576,0,100,36,136,84655114,56.812043022875784,56.812043022875784,17305,257885,babylon,0.04776635,126903754,438,495933248,10304159,0.04972482,0.04761279,-0.00191535,-3.855,-4941246,-3.748,2658491565,10389246268,0,0.166134,1744445501743,0.03805236,1750623744674,-0.694,-3.855,-14.08,-8.429,-1.63,0,1759017600000
babylon,0.203023,9.9284442,1481391,0.04,1970215710,10387039199,0,100,35,135,84143517,56.80034305595214,56.80034305595214,17375,257820,babylon,0.04968641,131845000,427,515561126,18939725,0.051064,0.04702415,0.00197911,4.148,5324240,4.208,2656293762,10387059096,0,0.166134,1744445501743,0.03805236,1750623744674,-0.124,4.148,-9.315,-2.646,2.145,0,1758931200000
babylon,0.20301,9.9465471,1472691,0.04,1970346271,10384849108,0,100,35,135,83628883,56.78644264139592,56.78644264139592,17375,257820,babylon,0.04772391,126725213,431,495846045,23807231,0.056187,0.0476199,-0.00827598,-14.779,-21776816,-14.664,2654095960,10384855213,0,0.166134,1744445501743,0.03805236,1750623744674,-0.354,-14.779,-19.33,-5.417,-3.853,0,1758844800000
babylon,0.203051,9.9623291,1464001,0.04,1969947007,10382658635,0,100,35,135,83115582,56.772899745287056,56.772899745287056,17183,257684,babylon,0.056031,148502028,407,581412242,43037821,0.061327,0.055544,-0.00040593,-0.719,-1033964,-0.691,2651898158,10382659939,0,0.166134,1744445501743,0.03805236,1750623744674,0.697,-0.719,6.949,10.846,21.631,0,1758758400000
babylon,0.203166,9.9530953,1455331,0.04,1968834202,10380468345,0,100,35,135,82595016,56.75342310443466,56.75342310443466,14531,254729,babylon,0.056457,149535991,402,585823238,33208509,0.056576,0.052292,0.00260934,4.846,7015276,4.922,2649700356,10380484551,0,0.166134,1744445501743,0.03805236,1750623744674,0.526,4.846,0.635,12.749,10.364,0,1758672000000
babylon,0.203208,9.9426348,1446651,0.04,1968432070,10378278098,0,100,35,135,82076053,56.735213261526106,56.735213261526106,13788,253781,babylon,0.053836,142520715,410,558685239,52828941,0.062404,0.052826,-0.00855252,-13.709,-22324081,-13.542,2647502554,10378285000,0,0.166134,1744445501743,0.03805236,1750623744674,0.427,-13.709,11.43,7.661,-0.005,0,1758585600000
babylon,0.20321,9.9454413,1437962,0.04,1968402358,10376087623,0,100,35,135,81550472,56.71253621444795,56.71253621444795,13285,253265,babylon,0.062299,165331572,388,648506986,44284015,0.062496,0.055078,0.00685243,12.359,18830742,12.854,2645304751,10376110178,0,0.166134,1744445501743,0.03805236,1750623744674,1.755,12.359,21.757,31.504,14.379,0,1758499200000
babylon,0.203216,9.9636815,1429274,0.04,1968342406,10373897256,0,100,35,135,81030003,56.69312042337578,56.69312042337578,12466,252983,babylon,0.055452,146569068,415,575267961,13919265,0.057278,0.05414,0.00108627,1.998,3007412,2.095,2643106949,10373912862,0,0.166134,1744445501743,0.03805236,1750623744674,-0.254,1.998,6.304,21.811,10.764,0,1758412800000
babylon,0.203221,10.078681,1420589,0.04,1968293436,10371707032,0,100,35,135,80523014,56.68283648542963,56.68283648542963,12044,252670,babylon,0.05436,143561656,416,563813937,22325757,0.05895,0.054177,-0.00450427,-7.652,-11540141,-7.44,2640909147,10371720572,0,0.166134,1744445501743,0.03805236,1750623744674,-0.941,-7.652,6.512,20.141,5.103,0,1758326400000
babylon,0.199234,9.9561081,1412033,0.04,2007690056,10369516797,0,100,35,135,80029680,56.67691902384718,56.67691902384718,12044,252670,babylon,0.058847,155101797,404,609514169,79776496,0.061503,0.052534,0.00619977,11.776,16341874,11.777,2638711345,10369524971,0,0.166134,1744445501743,0.03805236,1750623744674,-0.785,11.776,16.629,31.96,14.78,0,1758240000000
babylon,0.199286,9.9622422,1403356,0.04,2007173100,10367326406,0,100,35,135,79507721,56.655418154766146,56.655418154766146,11511,252141,babylon,0.052633,138759922,429,545633919,46534870,0.055825,0.050722,-0.00319217,-5.718,-8213601,-5.588,2636513543,10367339447,0,0.166134,1744445501743,0.03805236,1750623744674,-0.003,-5.718,4.123,12.651,-2.433,0,1758153600000
babylon,0.199499,9.962319899999999,1394682,0.04,2005015877,10365136052,0,100,35,135,78988777,56.635689712780405,56.635689712780405,11511,252141,babylon,0.055736,146973523,404,578291876,68922856,0.057167,0.04746349,0.0072035,14.843,19237706,15.061,2634315740,10365155313,0,0.166134,1744445501743,0.03805236,1750623744674,-0.651,14.843,12.286,25.386,-1.76,0,1758067200000
babylon,0.197999,9.9847469,1386009,0.04,2020214283,10362945782,0,100,35,135,78469164,56.615190810449285,56.615190810449285,11830,251834,babylon,0.04847529,127540669,449,502142759,20891943,0.051303,0.04750737,-0.00210404,-4.16,-5209952,-3.925,2632117938,10362960922,0,0.166134,1744445501743,0.03805236,1750623744674,0.334,-4.16,-3.059,14.133,-15.036,0,1757980800000
babylon,0.198021,10.0085678,1377342,0.04,2019987376,10360755544,0,100,35,135,77952697,56.59647131939634,56.59647131939634,11827,251749,babylon,0.050574,133002431,443,523972803,17475630,0.052138,0.04877964,-0.0015243,-2.926,-3700879,-2.707,2629920136,10360762705,0,0.166134,1744445501743,0.03805236,1750623744674,-1.343,-2.926,7.24,8.868,-11.239,0,1757894400000
babylon,0.198057,9.9531497,1368718,0.04,2019619010,10358565052,0,100,35,135,77440702,56.5790045867739,56.5790045867739,11872,251539,babylon,0.052032,136703310,445,538889873,15782953,0.052964,0.05128,0.00075113,1.465,2051917,1.524,2627722334,10358585738,0,0.166134,1744445501743,0.03805236,1750623744674,0.066,1.465,14.299,12.043,-12.123,0,1757808000000
babylon,0.198067,9.9614774,1360039,0.04,2019526123,10356374913,0,100,35,135,76930903,56.565218350356126,56.565218350356126,11872,251539,babylon,0.051288,134594207,440,530907806,12852419,0.051648,0.04931891,0.00043811,0.862,1159305,0.869,2625524532,10356400156,0,0.166134,1744445501743,0.03805236,1750623744674,-0.425,0.862,13.35,11.155,-21.186,0,1757721600000
babylon,0.198138,9.9683784,1351364,0.04,2018797161,10354184332,0,100,35,135,76414682,56.5463354063006,56.5463354063006,12137,251050,babylon,0.050837,133359971,435,526367907,14198728,0.051065,0.04934882,0.00025868,0.511,796142,0.601,2623326729,10354193876,0,0.166134,1744445501743,0.03805236,1750623744674,0.315,0.511,13.997,5.862,-19.221,0,1757635200000
babylon,0.19818,9.9838004,1342695,0.04,2018366123,10351994217,0,100,35,135,75901304,56.52907324448218,56.52907324448218,12137,251050,babylon,0.050583,132795171,436,524466688,19919084,0.051106,0.04942201,0.00018263,0.362,283332,0.214,2621128927,10351993964,0,0.166134,1744445501743,0.03805236,1750623744674,0.003,0.362,8.1,3.96,-15.852,0,1757548800000
babylon,0.198316,9.982308100000001,1334043,0.04,2016984906,10349803830,0,100,35,135,75387292,56.510391344207044,56.510391344207044,12252,250678,babylon,0.050414,132112995,431,522100314,19854155,0.051252,0.04890622,0.00043627,0.873,1290605,0.987,2618931125,10349812755,0,0.166134,1744445501743,0.03805236,1750623744674,0.919,0.873,13.415,1.567,-19.613,0,1757462400000
babylon,0.198304,9.9661309,1325389,0.04,2017106304,10347613382,0,100,35,135,74871013,56.48984034121303,56.48984034121303,12407,250377,babylon,0.04996458,130822390,433,517325188,31585637,0.050686,0.0471441,0.00212585,4.444,5730865,4.581,2616733323,10347632855,0,0.166134,1744445501743,0.03805236,1750623744674,0.129,4.444,17.64,8.461,-25.364,0,1757376000000
babylon,0.198353,9.9631428,1316721,0.04,2016600127,10345423118,0,100,35,135,74353625,56.46877736437712,56.46877736437712,12459,250171,babylon,0.04778221,125091524,449,494973630,12524041,0.04794165,0.04547319,0.00220199,4.831,5988540,5.028,2614535521,10345434224,0,0.166134,1744445501743,0.03805236,1750623744674,0.891,4.831,2.859,-6.593,-26.032,0,1757289600000
babylon,0.19835,9.9744974,1308047,0.04,2016643152,10343232869,0,100,35,135,73837770,56.44886613401506,56.44886613401506,12393,250085,babylon,0.04546331,119102984,456,471573900,9844158,0.04573495,0.04449968,0.00028162,0.623,1102416,0.934,2612337718,10343236077,0,0.166134,1744445501743,0.03805236,1750623744674,-0.115,0.623,-1.918,-15.556,-30.45,0,1757203200000
babylon,0.198407,9.9802066,1299384,0.04,2016058563,10341042345,0,100,35,135,73322271,56.428485343824455,56.428485343824455,12158,250034,babylon,0.04520048,117937612,453,467254204,16408901,0.04637827,0.04436823,0.00081181,1.829,2273799,1.966,2610139916,10341050910,0,0.166134,1744445501743,0.03805236,1750623744674,-0.069,1.829,-2.038,-17.013,-24.913,0,1757116800000
babylon,0.198428,9.9903116,1290725,0.04,2015848307,10338852239,0,100,35,135,72804393,56.405813012066865,56.405813012066865,12258,249822,babylon,0.04435714,115901945,456,459479151,16251120,0.04678929,0.04391821,-0.00225082,-4.829,-5581719,-4.595,2607942114,10338869012,0,0.166134,1744445501743,0.03805236,1750623744674,-0.297,-4.829,-8.651,-11.397,-25.914,0,1757030400000
babylon,0.198562,175694.38648359998,1282071,0.04,2014489469,10336661858,0,100,35,135,72289656,56.38506447770833,56.38506447770833,12088,249384,babylon,0.04662969,121483664,447,481911405,21604940,0.04780081,0.04458853,0.00142531,3.153,3834921,3.26,2605744312,10336681172,0,0.166134,1744445501743,0.03805236,1750623744674,-0.198,3.153,-4.139,-9.972,-21.738,0,1756944000000
babylon,0.198584,9.9887844,1273423,0.04,2014262124,10334471428,0,100,35,135,71773472,56.36263205549138,56.36263205549138,11941,248882,babylon,0.04521766,117674992,456,467097671,14676736,0.04518996,0.0430678,0.002115,4.907,5569743,4.968,2603546510,10334485646,0,0.166134,1744445501743,0.03805236,1750623744674,1.353,4.907,-8.903,-11.18,-22.942,0,1756857600000
babylon,0.198797,9.9748029,1264772,0.04,2012099663,10332281204,0,100,35,135,71257144,56.339912648287594,56.339912648287594,11830,248480,babylon,0.0430626,112105249,462,445270193,19527072,0.04557176,0.04223249,-0.00229005,-5.049,-5895017,-4.996,2601348707,10332281995,0,0.166134,1744445501743,0.03805236,1750623744674,1.461,-5.049,-5.676,-20.423,-26.486,0,1756771200000
babylon,0.198788,9.966026399999999,1256113,0.04,2012196909,10330090740,0,100,35,135,70740242,56.31678200926191,56.31678200926191,11526,248233,babylon,0.04540728,118000265,455,468982322,8011829,0.04706396,0.04539953,-0.00093242,-2.012,-2314120,-1.923,2599150905,10330110979,0,0.166134,1744445501743,0.03805236,1750623744674,-1.551,-2.012,-11.236,-19.965,-29.527,0,1756684800000
babylon,0.198814,9.9825227,1247444,0.04,2011938033,10327900523,0,100,35,135,70223511,56.29391860476302,56.29391860476302,11170,248132,babylon,0.0463297,120314385,453,478482880,8808316,0.04722387,0.04527544,0.00030215,0.656,765840,0.641,2596953103,10327922178,0,0.166134,1744445501743,0.03805236,1750623744674,-0.248,0.656,-13.947,-18.797,-19.712,0,1756598400000
babylon,0.198823,9.9812852,1238790,0.04,2011843297,10325710157,0,100,35,135,69705229,56.268801814674,56.268801814674,11160,247743,babylon,0.04601628,119548545,452,475738252,14961446,0.04881211,0.044887,-0.00246994,-5.094,-6059639,-4.824,2594755301,10325716237,0,0.166134,1744445501743,0.03805236,1750623744674,-0.063,-5.094,-15.516,-19.238,-21.567,0,1756512000000
babylon,0.198879,10.000027000000001,1230133,0.04,2011273788,10323519814,0,100,35,135,69195274,56.250237982397024,56.250237982397024,11160,247743,babylon,0.04847519,125608184,444,500170289,12720669,0.04969679,0.04724829,0.00013102,0.271,403501,0.322,2592557499,10323533047,0,0.166134,1744445501743,0.03805236,1750623744674,-0.062,0.271,-3.171,-18.129,-10.189,0,1756425600000
babylon,0.199238,10.0030977,1221494,0.04,2007650477,10321329379,0,100,35,135,68686676,56.231693319819826,56.231693319819826,12750,247442,babylon,0.04838742,125282125,442,499188863,12882373,0.04990102,0.04833405,-0.00085561,-1.738,-2235377,-1.753,2590359696,10321334472,0,0.166134,1744445501743,0.03805236,1750623744674,-0.526,-1.738,-6.446,-25.643,-14.808,0,1756339200000
babylon,0.199266,9.9943954,1212856,0.04,2007372596,10319139397,0,100,35,135,68170703,56.20675743864069,56.20675743864069,12750,247442,babylon,0.04924611,127517502,436,508419718,16890007,0.04998064,0.04629473,0.00278148,5.986,7554664,6.298,2588161894,10319152459,0,0.166134,1744445501743,0.03805236,1750623744674,-0.26,5.986,-3.267,-21.749,-19.578,0,1756252800000
babylon,0.199299,9.997207000000001,1204212,0.04,2007031346,10316949131,0,100,35,135,67654827,56.18182429671852,56.18182429671852,12433,246872,babylon,0.04640081,119962837,445,478604247,20266110,0.051658,0.04535683,-0.00483317,-9.434,-12442798,-9.397,2585964092,10316973369,0,0.166134,1744445501743,0.03805236,1750623744674,0.545,-9.434,-14.254,-22.809,-24.389,0,1756166400000
babylon,0.199381,9.9937819,1195572,0.04,2006201966,10314758671,0,100,35,135,67139329,56.156658904691646,56.156658904691646,12436,246514,babylon,0.051243,132405634,432,528581860,20186272,0.054241,0.050761,-0.00272658,-5.052,-6920021,-4.967,2583766290,10314757359,0,0.166134,1744445501743,0.03805236,1750623744674,0.171,-5.052,-9.679,-18.292,-12.516,0,1756080000000
babylon,0.20058,10.0212238,1186923,0.04,1994215920,10312568297,0,100,35,135,66624441,56.13206669682869,56.13206669682869,12773,246299,babylon,0.053944,139325655,422,556562834,13070766,0.054495,0.053178,-0.00054639,-1.003,-1225894,-0.872,2581568488,10312566468,0,0.166134,1744445501743,0.03805236,1750623744674,0.197,-1.003,-4.798,-19.417,-13.559,0,1755993600000
babylon,0.199455,10.011873399999999,1178300,0.04,2005466337,10310378060,0,100,35,135,66109044,56.105443435457865,56.105443435457865,12819,246098,babylon,0.05449,140551548,419,561820311,22450813,0.054566,0.04907915,0.00473257,9.511,12321157,9.609,2579370685,10310401127,0,0.166134,1744445501743,0.03805236,1750623744674,0.128,9.511,-4.905,-15.511,7.853,0,1755907200000
babylon,0.199576,9.994814100000001,1169671,0.04,2004244653,10308187734,0,100,35,135,65593654,56.07872128145436,56.07872128145436,13167,245991,babylon,0.04986791,128230391,422,512896607,13454527,0.051774,0.04939395,-0.00176425,-3.417,-4721172,-3.551,2577172883,10308189940,0,0.166134,1744445501743,0.03805236,1750623744674,-0.389,-3.417,-15.454,-23.712,-12.599,0,1755820800000
babylon,0.199624,9.9901642,1161030,0.04,2003765579,10305997390,0,100,35,135,65078214,56.05213818764373,56.05213818764373,13019,245735,babylon,0.051611,132951563,418,532122177,16004641,0.051871,0.050021,0.00145018,2.891,3294004,2.541,2574975081,10306019126,0,0.166134,1744445501743,0.03805236,1750623744674,-0.354,2.891,-20.688,-14.263,-4.837,0,1755734400000
babylon,0.199875,9.9950336,1152380,0.04,2001257481,10303806960,0,100,35,135,64563157,56.02592634374078,56.02592634374078,13019,245735,babylon,0.050197,129185068,418,517378108,18531027,0.054375,0.050223,-0.0034397,-6.413,-8693229,-6.305,2572777279,10303811935,0,0.166134,1744445501743,0.03805236,1750623744674,-1.499,-6.413,-20.237,-16.159,-3.629,0,1755648000000
babylon,0.199908,9.9732449,1143737,0.04,2000914506,10301616703,0,100,35,135,64049212,55.999947540387346,55.999947540387346,13214,245711,babylon,0.053643,137869737,407,552515178,20241315,0.0563,0.053075,-0.00265771,-4.721,-6966189,-4.81,2570579477,10301638396,0,0.166134,1744445501743,0.03805236,1750623744674,-0.788,-4.721,-10.761,-9.968,14.368,0,1755561600000
babylon,0.199941,9.963701799999999,1135076,0.04,2000589575,10299426337,0,100,35,135,63533313,55.97273927032199,55.97273927032199,13226,245172,babylon,0.056333,144697750,404,580251004,12274571,0.058458,0.05634,-0.00052482,-0.923,-1204179,-0.825,2568381674,10299441706,0,0.166134,1744445501743,0.03805236,1750623744674,-0.858,-0.923,-10.176,-4,19.018,0,1755475200000
babylon,0.199963,9.9745883,1126405,0.04,2000366059,10297236129,0,100,35,135,63017012,55.945252373702175,55.945252373702175,13000,244713,babylon,0.056899,145901929,402,585455605,13777767,0.057602,0.055692,0.00011898,0.21,538767,0.371,2566183872,10297236914,0,0.166134,1744445501743,0.03805236,1750623744674,-0.292,0.21,-15.003,-2.865,10.63,0,1755388800000
babylon,0.199977,9.985434699999999,1117740,0.04,2000236571,10295045608,0,100,35,135,62501517,55.91775994417306,55.91775994417306,13223,244455,babylon,0.056772,145562411,399,584470643,21901913,0.060607,0.056051,-0.00274458,-4.611,-6856667,-4.499,2563986070,10295065740,0,0.166134,1744445501743,0.03805236,1750623744674,-0.67,-4.611,-12.115,-11.889,4.486,0,1755302400000
babylon,0.19995,9.9829591,1109089,0.04,2000502470,10292855369,0,100,35,135,61984885,55.888107266414146,55.888107266414146,13827,244281,babylon,0.059494,152419078,393,612396260,32692329,0.066164,0.058747,-0.00540101,-8.323,-13430688,-8.098,2561788268,10292868718,0,0.166134,1744445501743,0.03805236,1750623744674,0.454,-8.323,-8.986,3.102,12.935,0,1755216000000
babylon,0.201358,10.0009231,1100434,0.04,1986510319,10290665189,0,100,35,135,61471897,55.86150282524895,55.86150282524895,13827,244281,babylon,0.064872,166156132,382,668020757,30241017,0.065492,0.062179,0.00173801,2.753,4410555,2.727,2559590466,10290679839,0,0.166134,1744445501743,0.03805236,1750623744674,-0.946,2.753,7.871,10.484,26.529,0,1755129600000
babylon,0.201416,10.0230182,1091792,0.04,1985939173,10288474730,0,100,35,135,60959591,55.83443641279658,55.83443641279658,13397,243479,babylon,0.063131,161745577,380,650708297,26547313,0.063297,0.058687,0.00308415,5.136,8472421,5.528,2557392663,10288483014,0,0.166134,1744445501743,0.03805236,1750623744674,0.323,5.136,0.813,17.389,24.3,0,1755043200000
babylon,0.200203,10.0022417,1083173,0.04,1997970440,10286284345,0,100,35,135,60444430,55.80311732290225,55.80311732290225,13175,243288,babylon,0.059992,153300708,383,617133428,31951350,0.06749,0.059499,-0.00350062,-5.513,-8966275,-5.526,2555194861,10286294056,0,0.166134,1744445501743,0.03805236,1750623744674,0.258,-5.513,0.689,5.624,18.091,0,1754956800000
babylon,0.200223,9.983606,1074536,0.04,1997765242,10284094315,0,100,34,134,59927405,55.77049535799638,55.77049535799638,13404,243019,babylon,0.063559,161886970,381,652120298,25371596,0.067387,0.062332,-0.00301021,-4.522,-8631515,-5.062,2552997059,10284096384,0,0.166134,1744445501743,0.03805236,1750623744674,0.338,-4.522,8.315,3.796,20.219,0,1754870400000
babylon,0.200299,10.005215,1065881,0.04,1997014694,10281903878,0,100,34,134,59410789,55.73866970140194,55.73866970140194,13210,242480,babylon,0.066568,170518485,369,687336052,40338505,0.067369,0.06364,0.00258749,4.044,7411362,4.544,2550799257,10281913378,0,0.166134,1744445501743,0.03805236,1750623744674,-0.562,4.044,13.641,8.475,26.163,0,1754784000000
babylon,0.200362,9.9837051,1057248,0.04,1996379613,10279713588,0,100,34,134,58893666,55.70468423681104,55.70468423681104,13210,242480,babylon,0.064037,163107123,374,657888060,37547196,0.068917,0.063999,-0.00252538,-3.794,-5751378,-3.406,2548601455,10279713329,0,0.166134,1744445501743,0.03805236,1750623744674,-0.761,-3.794,-0.614,9.327,34.361,0,1754697600000
babylon,0.200421,9.9784542,1048594,0.04,1995803413,10277523071,0,100,34,134,58376488,55.671201628084845,55.671201628084845,12895,241998,babylon,0.066508,168858501,359,681528601,35539905,0.066454,0.058543,0.00645981,10.758,15766079,10.298,2546403652,10277521786,0,0.166134,1744445501743,0.03805236,1750623744674,1.743,10.758,15.256,6.573,46.05,0,1754611200000
babylon,0.200735,9.9867824,1039934,0.04,1992676578,10275332926,0,100,34,134,57858463,55.636668288564465,55.636668288564465,12895,241998,babylon,0.060174,153174592,379,618629456,33755624,0.062925,0.059018,-0.00239765,-3.832,-6443895,-4.037,2544205850,10275337853,0,0.166134,1744445501743,0.03805236,1750623744674,0.108,-3.832,2.482,19.103,27.935,0,1754524800000
babylon,0.200811,9.9858651,1031282,0.04,1991926288,10273142447,0,100,34,134,57341277,55.60193720049414,55.60193720049414,12793,241739,babylon,0.062533,159062935,358,642829292,49382319,0.063262,0.058106,0.0025396,4.233,6575622,4.312,2542008048,10273149019,0,0.166134,1744445501743,0.03805236,1750623744674,0.715,4.233,16.278,8.715,26.413,0,1754438400000
babylon,0.200786,9.9812524,1022630,0.04,1992168742,10270952300,0,100,34,134,56821685,55.56426566793464,55.56426566793464,12467,241307,babylon,0.060039,152156837,373,615320557,26968778,0.059975,0.056599,0.00198075,3.412,4864499,3.303,2539810246,10270964401,0,0.166134,1744445501743,0.03805236,1750623744674,0.841,3.412,7.358,9.326,29.007,0,1754352000000
babylon,0.200712,9.97603,1013974,0.04,1992904309,10268761934,0,100,33,133,56304176,55.528224589585136,55.528224589585136,12464,241154,babylon,0.058052,147292338,369,596036921,25658192,0.059955,0.057235,0.00016324,0.282,407464,0.277,2537612444,10268767031,0,0.166134,1744445501743,0.03805236,1750623744674,-0.449,0.282,-5.197,11.965,23.474,0,1754265600000
babylon,0.200761,9.9726622,1005314,0.04,1992416580,10266571453,0,100,33,133,55789139,55.49424259485096,55.49424259485096,12470,241001,babylon,0.057889,146884874,366,594776875,61489137,0.06475,0.057457,-0.00579802,-9.104,-13616556,-8.484,2535414641,10266584670,0,0.166134,1744445501743,0.03805236,1750623744674,-0.379,-9.104,-6.184,21.508,14.089,0,1754179200000
babylon,0.200761,9.9668144,996650,0.04,1992418731,10264381125,0,100,33,133,55270944,55.45672402548538,55.45672402548538,12863,240933,babylon,0.063394,160501430,351,650338164,96895673,0.065338,0.053173,0.00695571,12.324,17803961,12.477,2533216839,10264379536,0,0.166134,1744445501743,0.03805236,1750623744674,-0.444,12.324,8.229,35.37,24.449,0,1754092800000
babylon,0.200707,9.9432771,987985,0.04,1992959466,10262191017,0,100,33,133,54748736,55.41454171875079,55.41454171875079,12863,240933,babylon,0.056434,142697468,378,578577277,40314980,0.061856,0.05604,-0.00318746,-5.346,-8069465,-5.352,2531019037,10262200996,0,0.166134,1744445501743,0.03805236,1750623744674,-0.449,-5.346,-9.569,9.289,24.388,0,1754006400000
babylon,0.201536,9.957024,979295,0.04,1984756566,10260000530,0,100,33,133,54229279,55.375835677706924,55.375835677706924,13299,240619,babylon,0.059645,150766933,377,611695673,48867291,0.060057,0.054006,0.00554812,10.256,26737282,21.557,2528821235,10260001818,0,0.166134,1744445501743,0.03805236,1750623744674,2.063,10.256,18.056,9.774,23.061,0,1753920000000
babylon,0.201547,9.9746843,970616,0.04,1984643878,10257810231,0,100,33,133,53713290,55.33938241281825,55.33938241281825,11801,240400,babylon,0.053974,123645540,429,539829591,26021067,0.056064,0.052561,-0.00175382,-3.147,-4167751,-3.261,2294036491,10015636491,0,0.166134,1744445501743,0.03805236,1750623744674,0.699,-3.147,-6.165,2.457,10.329,0,1753833600000
babylon,0.201598,9.9425189,961952,0.04,1984146338,10255620062,0,100,33,133,53198467,55.30262112870496,55.30262112870496,11829,240274,babylon,0.055639,127813290,421,558025759,28596863,0.061378,0.055728,-0.00481286,-7.961,-10910439,-7.865,2294036491,10015636491,0,0.166134,1744445501743,0.03805236,1750623744674,-0.65,-7.961,1.314,8.52,14.505,0,1753747200000
babylon,0.205727,9.9240374,953264,0.04,1944323172,10253429587,0,100,33,133,52674737,55.257239337686094,55.257239337686094,11879,240167,babylon,0.060441,138661679,406,605389223,21845956,0.061878,0.059632,-0.00068971,-1.128,-1576726,-1.124,2294036491,10015636491,0,0.166134,1744445501743,0.03805236,1750623744674,-1.002,-1.128,16.573,19.005,28.181,0,1753660800000
babylon,0.205756,9.923002,944559,0.04,1944056437,10251239254,0,100,33,133,52156721,55.21806578519711,55.21806578519711,11928,240014,babylon,0.061131,140238404,394,612273118,38803429,0.062234,0.057954,0.00172321,2.901,4172012,3.066,2294036491,10015636491,0,0.166134,1744445501743,0.03805236,1750623744674,-1.705,2.901,28.313,20.333,32.035,0,1753574400000
babylon,0.205766,9.9466992,935851,0.04,1943951255,10249049048,0,100,33,133,51637034,55.1765548148156,55.1765548148156,11969,239964,babylon,0.059408,136066392,403,594058346,82931281,0.060536,0.053544,-0.00112802,-1.863,-2999701,-2.157,2294036491,10015636491,0,0.166134,1744445501743,0.03805236,1750623744674,1.002,-1.863,26.859,14.59,34.25,0,1753488000000
babylon,0.205788,9.975465,927160,0.04,1943752347,10246858611,0,100,33,133,51115237,55.13097739333017,55.13097739333017,11417,239649,babylon,0.060813,139066093,394,607154875,153208619,0.065172,0.04727974,0.01053915,20.964,23633351,20.474,2294036491,10015636491,0,0.166134,1744445501743,0.03805236,1750623744674,-2.601,20.964,17.767,15.92,29.501,0,1753401600000
babylon,0.205923,9.9701422,918498,0.04,1942480656,10244668322,0,100,33,133,50587941,55.07681127231633,55.07681127231633,11448,239527,babylon,0.050283,115432742,460,503972969,39180708,0.05761,0.0494365,-0.00732629,-12.717,-16902262,-12.772,2294036491,10015636491,0,0.166134,1744445501743,0.03805236,1750623744674,-0.929,-12.717,-7.456,5.504,8.986,0,1753315200000
babylon,0.204651,9.9870852,909832,0.04,1954545140,10242478027,0,100,33,133,50070698,55.03290497586367,55.03290497586367,11317,239153,babylon,0.057648,132335003,425,577767307,43420213,0.058839,0.051648,0.00255476,4.637,5930111,4.691,2294036491,10015636491,0,0.166134,1744445501743,0.03805236,1750623744674,0.223,4.637,9.432,26.596,43.191,0,1753228800000
babylon,0.204724,10.0099066,901176,0.04,1953850363,10240287618,0,100,33,133,49552736,54.98674620717818,54.98674620717818,11317,239153,babylon,0.055102,126597041,438,552715680,56360809,0.0584,0.051095,0.00340512,6.587,7698813,6.475,2294036491,10015636491,0,0.166134,1744445501743,0.03805236,1750623744674,0.311,6.587,7.473,17.976,30.839,0,1753142400000
babylon,0.204758,10.0059751,892548,0.04,1953530930,10238097473,0,100,33,133,49037356,54.940861443866325,54.940861443866325,11385,238847,babylon,0.051698,118898228,453,519103088,35557714,0.052896,0.04724048,0.00390596,8.173,9307507,8.493,2294036491,10015636491,0,0.166134,1744445501743,0.03805236,1750623744674,-0.409,8.173,1.79,5.614,13.122,0,1753056000000
babylon,0.204762,10.0073394,883909,0.04,1953484856,10235907108,0,100,33,133,48522173,54.89498692738732,54.89498692738732,11385,238847,babylon,0.04774332,109590721,464,478467028,18061226,0.0477729,0.04583126,0.00041167,0.87,1010173,0.93,2294036491,10015636491,0,0.166134,1744445501743,0.03805236,1750623744674,0.352,0.87,-6.021,2.587,-2.144,0,1752969600000
babylon,0.203658,9.972824899999999,869685,0.04,1964072578,10232301961,0,100,33,133,47673419,54.816880824666406,54.816880824666406,12270,238691,babylon,0.052189,119733955,449,522751828,34301684,0.054096,0.04983709,-0.00062038,-1.175,-1285559,-1.062,2294036491,10015636491,0,0.166134,1744445501743,0.03805236,1750623744674,-0.627,-1.175,-4.491,7.285,3.976,0,1752883200000
babylon,0.203664,9.9791502,866628,0.04,1964016680,10231526447,0,100,33,133,47490794,54.799514901434065,54.799514901434065,12078,238568,babylon,0.051547,118597104,440,517788401,30341127,0.053779,0.04983709,-0.00117478,-2.228,-2593103,-2.14,2294036491,10015636491,0,0.166134,1744445501743,0.03805236,1750623744674,-0.22,-2.228,-1.741,1.59,1.24,0,1752796800000
babylon,0.203674,9.9889197,857967,0.04,1963928085,10229336134,0,100,33,133,46973440,54.74970482547697,54.74970482547697,12289,238216,babylon,0.052714,120921861,428,527938161,20046255,0.054861,0.052291,-0.00072049,-1.348,-1654021,-1.349,2294036491,10015636491,0,0.166134,1744445501743,0.03805236,1750623744674,-1.492,-1.348,11.152,3.889,-8.381,0,1752710400000
babylon,0.203719,9.996429,849319,0.04,1963488810,10227145656,0,100,33,133,46458730,54.70115468981619,54.70115468981619,12116,237849,babylon,0.053432,122575882,414,535159524,30855930,0.053875,0.04901105,0.00221907,4.333,5146186,4.382,2294036491,10015636491,0,0.166134,1744445501743,0.03805236,1750623744674,1.224,4.333,17.831,18.843,-5.667,0,1752624000000
babylon,0.203629,9.9868178,840676,0.04,1964358470,10224955546,0,100,32,132,45950338,54.65879601653907,54.65879601653907,12116,237849,babylon,0.05119,117429696,429,512691558,26862053,0.054449,0.050298,0.00000197,0.004,-12111,-0.01,2294036491,10015636491,0,0.166134,1744445501743,0.03805236,1750623744674,-0.205,0.004,9.602,5.311,-9.111,0,1752537600000
babylon,0.203624,9.971604600000001,832030,0.04,1964409439,10222765212,0,100,32,132,45440291,54.61376512866123,54.61376512866123,11926,237731,babylon,0.051204,117190868,430,511648849,14648278,0.052459,0.050085,0.00039172,0.771,1147624,0.989,2294036491,10015636491,0,0.166134,1744445501743,0.03805236,1750623744674,0.69,0.771,4.603,0.979,-10.781,0,1752451200000
babylon,0.20366,9.9787289,823363,0.04,1964055763,10220574716,0,100,32,132,44925336,54.56321938197369,54.56321938197369,12691,237649,babylon,0.05078,116491130,426,508593833,19813195,0.052345,0.0485723,-0.00121986,-2.346,-2808994,-2.355,2294036491,10015636491,0,0.166134,1744445501743,0.03805236,1750623744674,0.277,-2.346,9.112,4.505,-15.862,0,1752364800000
babylon,0.203671,9.9818477,814705,0.04,1963950061,10218384470,0,100,32,132,44407866,54.50790899773538,54.50790899773538,12444,237319,babylon,0.051994,119314728,418,520921508,44578708,0.056389,0.05131,-0.00088065,-1.666,-744984,-0.621,2294036491,10015636491,0,0.166134,1744445501743,0.03805236,1750623744674,0.861,-1.666,10.202,10.266,-21.587,0,1752278400000
babylon,0.203692,9.9744186,806053,0.04,1963743113,10216194097,0,100,32,132,43890923,54.45165888595415,54.45165888595415,12444,237319,babylon,0.052799,120399442,412,525657306,108527173,0.052836,0.04668309,0.00530754,11.176,11448123,10.508,2294036491,10015636491,0,0.166134,1744445501743,0.03805236,1750623744674,0.818,11.176,4.057,14.038,-25.635,0,1752192000000
babylon,0.203706,9.9853301,797383,0.04,1963612905,10214003746,0,100,32,132,43370472,54.39101661309559,54.39101661309559,12987,237091,babylon,0.04751124,108951318,423,475675433,22349403,0.04775292,0.044238,0.00207095,4.558,4682237,4.491,2294036491,10015636491,0,0.166134,1744445501743,0.03805236,1750623744674,0.189,4.558,-6.364,7.366,-30.538,0,1752105600000
babylon,0.204521,9.9806471,788734,0.04,1955788729,10211813441,0,100,32,132,42853930,54.33255064445047,54.33255064445047,13182,237042,babylon,0.04546015,104306911,433,455398208,20365348,0.04754385,0.04504563,-0.00188816,-3.988,-4132688,-3.811,2294036491,10015636491,0,0.166134,1744445501743,0.03805236,1750623744674,0.25,-3.988,1.111,-3.192,-29.29,0,1752019200000
babylon,0.204537,9.9761249,780078,0.04,1955634964,10209623177,0,100,32,132,42338400,54.27457254274572,54.27457254274572,13256,237023,babylon,0.04732225,108439599,419,473441293,32847416,0.051369,0.0466449,-0.00130265,-2.679,-2935519,-2.636,2294036491,10015636491,0,0.166134,1744445501743,0.03805236,1750623744674,1.247,-2.679,-2.647,-1.043,-26.278,0,1751932800000
babylon,0.20439,9.9592932,771421,0.04,1957043405,10207432911,0,100,32,132,41826781,54.22043345980988,54.22043345980988,13384,236974,babylon,0.04858628,111375117,409,486257605,13589250,0.04966354,0.04602287,0.00208358,4.481,4828245,4.532,2294036491,10015636491,0,0.166134,1744445501743,0.03805236,1750623744674,-1.529,4.481,-4.183,20.682,-18.09,0,1751846400000
babylon,0.204403,9.957989900000001,762746,0.04,1956916081,10205242466,0,100,32,132,41310792,54.16061441161278,54.16061441161278,13357,236883,babylon,0.04646084,106546872,420,465177754,9516447,0.04800627,0.04578924,-0.00078771,-1.667,-1626077,-1.503,2294036491,10015636491,0,0.166134,1744445501743,0.03805236,1750623744674,-0.065,-1.667,-4.384,10.321,-22.577,0,1751760000000
babylon,0.204436,9.970651,754069,0.04,1956603923,10203052091,0,100,32,132,40793595,54.0979605314633,54.0979605314633,13357,236883,babylon,0.04719914,108172949,418,472277116,17963496,0.050889,0.046449,-0.00320308,-6.355,-7392854,-6.397,2294036491,10015636491,0,0.166134,1744445501743,0.03805236,1750623744674,0.01,-6.355,0.097,3.277,-27.864,0,1751673600000
babylon,0.204498,9.9801813,745402,0.04,1956005316,10200861859,0,100,32,132,40276583,54.033371254705514,54.033371254705514,13722,236763,babylon,0.050392,115565803,408,504553905,20346995,0.051868,0.04941314,0.00015967,0.318,291889,0.253,2294036491,10015636491,0,0.166134,1744445501743,0.03805236,1750623744674,-0.679,0.318,8.84,3.285,-27.461,0,1751587200000
babylon,0.204488,9.9744425,736745,0.04,1956099829,10196800569,0,100,32,132,39768853,53.9791284637154,53.9791284637154,13937,236639,babylon,0.050251,115273914,409,503279536,19839986,0.051243,0.04473354,0.00510147,11.299,11840765,11.448,2294036491,10015636491,0,0.166134,1744445501743,0.03805236,1750623744674,-0.939,11.299,13.557,4.888,-28.394,0,1751500800000
babylon,0.204546,9.9662042,728082,0.04,1955549671,10196481191,0,100,32,132,39253326,53.91333119071753,53.91333119071753,13759,236426,babylon,0.04511094,103433149,426,451583409,12786037,0.04844962,0.04480716,-0.00332347,-6.862,-7851813,-7.056,2294036491,10015636491,0,0.166134,1744445501743,0.03805236,1750623744674,-0.178,-6.862,-3.936,-11.401,-35.028,0,1751414400000
babylon,0.204429,9.9918662,719412,0.04,1956669371,10194290780,0,100,32,132,38734965,53.842533902687194,53.842533902687194,13249,236352,babylon,0.04853726,111284961,412,485863989,18536460,0.05024,0.04683572,-0.00170273,-3.389,-3900681,-3.386,2294036491,10015636491,0,0.166134,1744445501743,0.03805236,1750623744674,-0.147,-3.389,1.497,-15.64,-24.837,0,1751328000000
babylon,0.20962,10.0163945,710762,0.04,1908212952,10192100440,0,100,32,132,38215035,53.766288856185334,53.766288856185334,14304,236134,babylon,0.050239,115185642,406,502894144,13457692,0.050707,0.04795643,0.00149144,3.06,3367120,3.011,2294036491,10015636491,0,0.166134,1744445501743,0.03805236,1750623744674,-0.877,3.06,24.788,-11.305,-22.386,0,1751241600000
babylon,0.209646,10.0752995,702136,0.04,1907983576,10189910025,0,100,32,132,37700843,53.69450220470108,53.69450220470108,14948,236017,babylon,0.04874831,111829242,407,488240290,18665407,0.04896443,0.04687201,0.00121591,2.558,2916169,2.678,2294036491,10015636491,0,0.166134,1744445501743,0.03805236,1750623744674,0.348,2.558,15.752,-13.447,-37.488,0,1751155200000
babylon,0.208429,9.9561565,693574,0.04,1919114398,10187719598,0,100,32,132,37203819,53.64073480263101,53.64073480263101,14948,236017,babylon,0.04749472,108913073,411,475508456,37440919,0.04835462,0.04480212,0.00030467,0.646,278133,0.256,2294036491,10015636491,0,0.166134,1744445501743,0.03805236,1750623744674,0.705,0.646,3.924,-17.243,-38.79,0,1751068800000
babylon,0.208424,9.955199400000001,684898,0.04,1919167885,10185529429,0,100,32,132,36685833,53.56393652777494,53.56393652777494,15329,235834,babylon,0.04735537,109436666,408,477794433,28211672,0.04768352,0.04251028,0.00314851,7.122,8136828,8.032,2294036491,10015636491,0,0.166134,1744445501743,0.03805236,1750623744674,2.314,7.122,-2.939,-21.536,-41.439,0,1750982400000
babylon,0.208466,9.9641336,676220,0.04,1918777021,10183339041,0,100,32,132,36171571,53.49083286504392,53.49083286504392,15908,235745,babylon,0.04419079,101299838,433,442269493,21728743,0.04750288,0.04409216,-0.00298572,-6.329,-6719495,-6.221,2294036491,10015636491,0,0.166134,1744445501743,0.03805236,1750623744674,0.01,-6.329,-7.761,-33.355,-45.885,0,1750896000000
babylon,0.2085,9.9383789,667549,0.04,1918466416,10181148610,0,100,32,132,35658549,53.41712593382658,53.41712593382658,16728,235526,babylon,0.04712343,108019332,423,471606434,21056147,0.04846817,0.04642755,-0.00065516,-1.371,-1398105,-1.278,2294036491,10015636491,0,0.166134,1744445501743,0.03805236,1750623744674,0.417,-1.371,-7.449,-33.629,-42.939,0,1750809600000
babylon,0.208282,9.9406269,658856,0.04,1920479556,10178958337,0,100,32,132,35140750,53.33600968952244,53.33600968952244,16728,235526,babylon,0.04777243,109541691,416,478252968,29328712,0.04816219,0.04045831,0.00731412,18.078,16742029,18.041,2294036491,10015636491,0,0.166134,1744445501743,0.03805236,1750623744674,0.28,18.078,-16.969,-30.156,-42.405,0,1750723200000
babylon,0.208118,9.9362879,650163,0.04,1921987976,10176767968,0,100,31,131,34624188,53.25462691663475,53.25462691663475,16932,235464,babylon,0.04044363,92799662,439,405158195,28200131,0.04337718,0.03805236,-0.0013745,-3.287,-3208741,-3.342,2294036491,10015636491,0,0.166134,1744445501743,0.03805236,1750623744674,0.457,-3.287,-28.598,-37.093,-50.339,0,1750636800000
babylon,0.208081,9.9449885,641468,0.04,1922327987,10174577824,0,100,30,130,34109583,53.174254990116424,53.174254990116424,19546,235285,babylon,0.04179131,96008403,435,419167378,20024190,0.0469886,0.04124357,-0.00414403,-9.021,-9359582,-8.883,2294036491,10015636491,0,0.166134,1744445501743,0.04124357,1750542153189,-0.463,-9.021,-25.799,-34.894,-53.754,0,1750550400000
babylon,0.208387,9.9720968,632780,0.04,1919512252,10172387446,0,100,30,130,33590745,53.08439742090458,53.08439742090458,20152,235080,babylon,0.04591721,105410041,424,460214411,22311355,0.04990115,0.04497761,-0.00291821,-5.976,-6655429,-5.939,2294036491,10015636491,0,0.166134,1744445501743,0.04497761,1750441336000,0.372,-5.976,-19.992,-22.589,-45.446,0,1750464000000
babylon,0.208889,12.231879,624115,0.04,1914892758,10170197120,0,100,30,130,33070724,52.98818967658204,52.98818967658204,23692,234800,babylon,0.04884752,112065469,413,489271644,26674861,0.0495539,0.04736845,0.0006838,1.42,2081486,1.893,2294036491,10015636491,0,0.166134,1744445501743,0.04633013,1750273950295,-0.163,1.42,-19.064,-18.6,-40.023,0,1750377600000
babylon,0.22512,10.0176043,616679,0.04,1776832420,10167791924,0,100,30,130,32625490,52.90514189716205,52.90514189716205,23993,234687,babylon,0.04814628,110481429,420,482355811,34364341,0.051743,0.04633013,-0.00287192,-5.629,-6764307,-5.769,2294036491,10015636491,0,0.166134,1744445501743,0.04633013,1750273950295,0.495,-5.629,-27.389,-26.417,-41.812,0,1750291200000
babylon,0.225323,10.0535402,609072,0.04,1775230091,10165816242,0,100,30,130,32179465,52.83359766989781,52.83359766989781,24405,234494,babylon,0.051108,117298057,407,512116833,27836978,0.05664,0.050433,-0.00522996,-9.283,-13284569,-10.173,2294036491,10015636491,0,0.166134,1744445501743,0.050433,1750185162333,0.056,-9.283,-28.018,-26.431,-37.75,0,1750204800000
babylon,0.227351,10.2099484,600450,0.04,1759396269,10163626066,0,100,30,130,31692056,52.78050795236906,52.78050795236906,24405,234494,babylon,0.056446,129500103,393,565390291,26640256,0.05943,0.055579,0.00005233,0.093,77147,0.06,2294036491,10015636491,0,0.166134,1744445501743,0.054036,1749784054297,-1.54,0.093,-17.475,-19.566,-23.939,0,1750118400000
babylon,0.216966,10.002182000000001,592017,0.04,1843606591,10161435674,0,100,30,130,31211328,52.72032390961746,52.72032390961746,25824,234368,babylon,0.056417,129628918,389,565952690,14852503,0.05693,0.054796,0.00018003,0.32,670321,0.52,2294036491,10015636491,0,0.166134,1744445501743,0.054036,1749784054297,-0.291,0.32,-12.247,-18.744,-33.567,0,1750032000000
babylon,0.216969,9.9983679,583381,0.04,1843582406,10159245531,0,100,30,130,30695706,52.61691073243729,52.61691073243729,27570,234288,babylon,0.056144,128811913,391,562385692,12786888,0.059029,0.0556,-0.00186722,-3.219,-4325236,-3.249,2294036491,10015636491,0,0.166134,1744445501743,0.054036,1749784054297,-0.38,-3.219,-12.534,-13.058,-35.017,0,1749945600000
babylon,0.216848,10.002844,574742,0.04,1844608811,10157055200,0,100,30,130,30182647,52.515123307501455,52.515123307501455,27570,234288,babylon,0.05802,133137149,384,581269430,47870403,0.060609,0.054036,-0.00258922,-4.272,-6056273,-4.351,2294036491,10015636491,0,0.166134,1744445501743,0.054036,1749784054297,1.006,-4.272,-2.185,-10.365,-39.024,0,1749859200000
babylon,0.216859,9.9867371,566105,0.04,1844516864,10154864829,0,100,29,129,29667989,52.407219508748376,52.407219508748376,34182,233779,babylon,0.060618,139193421,379,607710779,23226942,0.067036,0.060024,-0.00638227,-9.526,-14238989,-9.28,2294036491,10015636491,0,0.166134,1744445501743,0.059061,1749158238756,0.538,-9.526,1.015,-22.266,-42.008,0,1749772800000
babylon,0.216943,9.982517699999999,557456,0.04,1843804619,10152674437,0,100,29,129,29149411,52.29006594242416,52.29006594242416,34856,233565,babylon,0.066991,153432409,366,669877416,25910709,0.07156,0.065942,-0.00440592,-6.171,-10420774,-6.36,2294036491,10015636491,0,0.166134,1744445501743,0.059061,1749158238756,1.123,-6.171,2.384,-13.664,-41.356,0,1749686400000
babylon,0.216966,9.9878996,548799,0.04,1843606137,10150484148,0,100,29,129,28631901,52.17192633368501,52.17192633368501,35876,233209,babylon,0.071336,163620216,354,714356819,31212678,0.071543,0.066904,0.00306689,4.492,7102621,4.538,2294036491,10015636491,0,0.166134,1744445501743,0.059061,1749158238756,0.527,4.492,2.688,-11.785,-26.696,0,1749600000000
babylon,0.216943,10.031393,540150,0.04,1843803342,10148293819,0,100,29,129,28116413,52.05297232250301,52.05297232250301,39080,233081,babylon,0.068217,156517595,363,683347167,25678754,0.068657,0.063209,0.0043269,6.772,9942151,6.783,2294036491,10015636491,0,0.166134,1744445501743,0.059061,1749158238756,-0.27,6.772,-2.793,-16.463,-27.51,0,1749513600000
babylon,0.218343,9.9941294,531542,0.04,1831977514,10146103562,0,100,29,129,27604112,51.93213706536831,51.93213706536831,45304,232948,babylon,0.063902,146575444,363,639940285,21578974,0.065824,0.061789,0.00014088,0.221,355740,0.243,2294036491,10015636491,0,0.166134,1744445501743,0.059061,1749158238756,-0.685,0.221,-7.964,-22.622,-31.168,0,1749427200000
babylon,0.218364,9.9903272,522897,0.04,1831801357,10143913236,0,100,29,129,27088709,51.80505721011978,51.80505721011978,49365,232780,babylon,0.063735,146210625,365,638347504,20373150,0.064559,0.059888,0.00383201,6.397,8780228,6.389,2294036491,10015636491,0,0.166134,1744445501743,0.059061,1749158238756,-0.975,6.397,-1.303,-23.16,-26.3,0,1749340800000
babylon,0.218372,9.9919206,514248,0.04,1831734818,10141722743,0,100,29,129,26573058,51.6736243991226,51.6736243991226,53350,232628,babylon,0.059904,137430397,373,600013515,26617926,0.062596,0.059146,-0.00029968,-0.498,-687498,-0.498,2294036491,10015636491,0,0.166134,1744445501743,0.059061,1749158238756,1.069,-0.498,-7.454,-26.443,-23.441,0,1749254400000
babylon,0.216064,9.9960711,505602,0.04,1851304211,10139532547,0,100,29,129,26056972,51.53652873208571,51.53652873208571,55481,232548,babylon,0.060213,138117894,367,603015091,29706556,0.066548,0.059061,-0.0052437,-8.011,-12033191,-8.014,2294036491,10015636491,0,0.166134,1744445501743,0.059061,1749158238756,0.259,-8.011,-22.786,-33.368,-23.321,0,1749168000000
babylon,0.216144,10.0081271,496959,0.04,1850614870,10137342120,0,100,29,129,25540825,51.394229705066216,51.394229705066216,55481,232548,babylon,0.065452,150132558,361,655470448,22306524,0.06995,0.065199,-0.00351629,-5.098,-8287575,-5.231,2294036491,10015636491,0,0.166134,1744445501743,0.059964,1748662060814,-0.001,-5.098,-15.648,-22.237,-22.022,0,1749081600000
babylon,0.216069,10.0091784,488319,0.04,1851258954,10135151740,0,100,29,129,25022351,51.24181324093472,51.24181324093472,59852,232341,babylon,0.06898,158420133,351,691653542,24664051,0.071124,0.068874,-0.00045054,-0.649,-798605,-0.502,2294036491,10015636491,0,0.166134,1744445501743,0.059964,1748662060814,-0.667,-0.649,-14.697,-15.303,-20.204,0,1748995200000
babylon,0.216104,9.9948578,479690,0.04,1850961553,10132961516,0,100,29,129,24501192,51.07713731785111,51.07713731785111,59852,232341,babylon,0.069413,159218737,349,695140203,35592289,0.07025,0.066407,0.00031359,0.454,-505731,-0.317,2294036491,10015636491,0,0.166134,1744445501743,0.059964,1748662060814,-1.09,0.454,-14.999,-16.111,-22.968,0,1748908800000
babylon,0.217457,9.9962657,471045,0.04,1839440365,10130771188,0,100,29,129,23981833,50.911978685688204,50.911978685688204,68797,232143,babylon,0.069336,159262827,350,695332696,24953773,0.069861,0.063598,0.00465943,7.204,10909518,7.354,2294036491,10015636491,0,0.166134,1744445501743,0.059964,1748662060814,-0.162,7.204,-16.042,-15.548,-30.773,0,1748822400000
babylon,0.217386,10.0073623,462403,0.04,1840044921,10128580854,0,100,29,129,23465759,50.74741945878379,50.74741945878379,81585,231606,babylon,0.064673,148317958,358,647548005,27970209,0.064988,0.059964,0.00294574,4.772,6058989,4.259,2294036491,10015636491,0,0.166134,1744445501743,0.059964,1748662060814,0.131,4.772,-22.03,-12.854,-36.62,0,1748736000000
babylon,0.2195,10.0386304,453772,0.04,1822317622,10126390498,0,100,29,129,22948156,50.57199650926016,50.57199650926016,105670,231268,babylon,0.061972,142173054,364,620719692,38282404,0.077034,0.061958,-0.01469428,-19.167,-33961605,-19.282,2294036491,10015636491,0,0.166134,1744445501743,0.062014,1748648850962,-5.609,-19.167,-23.905,-27.026,-42.579,0,1748649600000
babylon,0.22094,9.999955,445171,0.04,1810450742,10124200130,0,100,28,128,22429833,50.38475776724,50.38475776724,117567,230850,babylon,0.076722,177151745,335,773434725,21886646,0.080982,0.077129,-0.00216427,-2.744,-3764092,-2.081,2294036491,10015636491,0,0.166134,1744445501743,0.067702,1745036761815,-1.656,-2.744,-15.1,-11.199,-13.723,0,1748563200000
babylon,0.220989,10.0004428,436532,0.04,1810049817,10109369715,0,100,27,127,21912661,50.197147059093034,50.197147059093034,117516,230402,babylon,0.078861,180915837,331,789868542,23726111,0.081582,0.077196,-0.00239916,-2.952,-5445576,-2.922,2294036491,10015636491,0,0.166134,1744445501743,0.067702,1745036761815,1.736,-2.952,-6.306,-17.121,-8.768,0,1748476800000
babylon,0.224702,9.9654062,427893,0.04,1780132743,10109369715,0,100,27,127,21395390,50.00172940431369,50.00172940431369,117917,230022,babylon,0.08126,186361413,326,813643625,37911313,0.083828,0.080718,-0.00075715,-0.923,-1256384,-0.67,2294036491,10015636491,0,0.166134,1744445501743,0.067702,1745036761815,0.497,-0.923,-0.226,-22.26,3.834,0,1748390400000
babylon,0.236922,9.9311972,419229,0.04,1688319288,10109369715,0,100,27,127,20870337,49.78266532133989,49.78266532133989,117917,230022,babylon,0.082017,187617796,323,819128927,43057921,0.085868,0.081434,-0.00039504,-0.479,-1471761,-0.778,2294036491,10015636491,0,0.166134,1744445501743,0.067702,1745036761815,0.444,-0.479,-0.878,-28.203,1.729,0,1748304000000
babylon,0.241249,9.940368300000001,410528,0.04,1658036712,10109369715,0,100,27,127,20340669,49.54758018941461,49.54758018941461,118931,229462,babylon,0.082463,189089557,322,825554552,27329904,0.084196,0.077183,-0.0009145,-1.097,-2288674,-1.196,2294036491,10015636491,0,0.166134,1744445501743,0.067702,1745036761815,0.364,-1.097,0.441,-15.261,7.715,0,1748217600000
babylon,0.241303,9.9402,401836,0.04,1657671482,10109369715,0,100,27,127,19818448,49.31974238246449,49.31974238246449,119685,229140,babylon,0.083372,191252520,313,834997929,24330014,0.083521,0.079577,0.00379468,4.769,8295459,4.534,2294036491,10015636491,0,0.166134,1744445501743,0.067702,1745036761815,0.398,4.769,12.344,-11.406,11.394,0,1748131200000
babylon,0.241332,9.9438845,393144,0.04,1657472784,10109369715,0,100,26,126,19298309,49.0871258368435,49.0871258368435,120630,228662,babylon,0.0797,182957061,328,798780414,55052935,0.093001,0.079754,-0.01125045,-12.37,-25568400,-12.262,2294036491,10015636491,0,0.166134,1744445501743,0.067702,1745036761815,-2.077,-12.37,-6.15,-14.151,-0.553,0,1748044800000
babylon,0.241367,9.9469716,384456,0.04,1657227391,10108867837,0,100,26,126,18777391,48.841456499573425,48.841456499573425,122125,228002,babylon,0.090934,208525460,308,910410630,78987329,0.095308,0.085527,0.00535415,6.256,12086302,6.153,2294036491,10015636491,0,0.166134,1744445501743,0.067702,1745036761815,0.531,6.256,5.25,5.152,8.028,0,1747958400000
babylon,0.241661,9.9665054,375771,0.04,1655212644,10106677464,0,100,25,125,18256383,48.583799707800765,48.583799707800765,122125,228002,babylon,0.085631,196329643,318,857164368,43053122,0.087086,0.079872,0.00332248,4.037,7717279,4.092,2294036491,10015636491,0,0.166134,1744445501743,0.067702,1745036761815,1.972,4.037,-10.006,9.438,2.464,0,1747872000000
babylon,0.277849,9.9557418,367096,0.04,1439631382,10104487327,0,100,24,124,17732895,48.30587911608952,48.30587911608952,117680,223931,babylon,0.082327,188863654,323,824568272,39479421,0.084707,0.079663,-0.00068866,-0.83,-1344241,-0.707,2294036491,10015636491,0,0.166134,1744445501743,0.067702,1745036761815,1.257,-0.83,-21.239,4.84,13.903,0,1747785600000
babylon,0.277909,10.0069997,358420,0.04,1439321096,10102296979,0,100,24,124,17209709,48.01548183695106,48.01548183695106,119252,223671,babylon,0.082914,190207894,318,830437150,52934172,0.086268,0.076016,-0.00147083,-1.743,-3101739,-1.605,2294036491,10015636491,0,0.166134,1744445501743,0.067702,1745036761815,0.167,-1.743,-27.417,-1.218,12.614,0,1747699200000
babylon,0.277964,10.0601117,349782,0.04,1439035756,10100106552,0,100,24,124,16681112,47.69002407213636,47.69002407213636,125027,223491,babylon,0.084318,193309632,315,843979167,72852553,0.084238,0.075235,0.00898165,11.922,20581477,11.916,2294036491,10015636491,0,0.166134,1744445501743,0.067702,1745036761815,2.723,11.922,-13.356,-2.462,18.275,0,1747612800000
babylon,0.300408,10.068903599999999,341192,0.04,1331522325,10097916414,0,100,24,124,16154824,47.34819104785575,47.34819104785575,128538,223023,babylon,0.075345,172728155,338,754121575,67218133,0.085851,0.073025,-0.01050633,-12.238,-24316582,-12.341,2294036491,10015636491,0,0.166134,1744445501743,0.067702,1745036761815,1.859,-12.238,-19.936,-16.385,0.658,0,1747526400000
babylon,0.300536,10.070915,332611,0.04,1330955987,10095725815,0,100,23,123,15628396,46.98700884817399,46.98700884817399,132363,222684,babylon,0.085863,197044736,309,860286425,46982164,0.090213,0.084571,-0.00133125,-1.527,-3150359,-1.574,2294036491,10015636491,0,0.166134,1744445501743,0.067702,1745036761815,1.528,-1.527,-7.512,-14.272,0.908,0,1747440000000
babylon,0.30065,10.0829941,324032,0.04,1330452300,10093535578,0,100,23,123,15104118,46.613044390677466,46.613044390677466,132363,222684,babylon,0.087201,200195095,309,874040716,70488546,0.095441,0.084834,-0.00790722,-8.314,-17984507,-8.243,2294036491,10015636491,0,0.166134,1744445501743,0.067702,1745036761815,0.292,-8.314,0.835,-14.541,-5.495,0,1747353600000
babylon,0.298354,10.1053026,315462,0.04,1340688656,10091345199,0,100,22,122,14579848,46.217446158332855,46.217446158332855,141283,220541,babylon,0.095108,218179602,303,952560078,71305759,0.107698,0.094864,-0.00963635,-9.2,-21922328,-9.13,2294036491,10015636491,0,0.166134,1744445501743,0.067702,1745036761815,-0.191,-9.2,21.551,-11.875,-8.299,0,1747267200000
babylon,0.30298,10.2801999,306917,0.04,1320217947,10086964693,0,100,21,121,14064799,45.8260669822786,45.8260669822786,150255,220176,babylon,0.104737,240101929,294,1048271750,79877717,0.11264,0.099086,-0.00756014,-6.732,-17487868,-6.789,2294036491,10015636491,0,0.166134,1744445501743,0.067702,1745036761815,0.086,-6.732,33.378,17.78,-20.174,0,1747180800000
babylon,0.300961,10.0644667,298545,0.04,1329079071,10086964693,0,100,21,121,13573008,45.463859719640254,45.463859719640254,150255,220176,babylon,0.112262,257352629,272,1123587348,176422439,0.11468,0.096141,0.01354101,13.716,30172036,13.281,2294036491,10015636491,0,0.166134,1744445501743,0.067702,1745036761815,-1.573,13.716,33.747,29.873,-19.739,0,1747094400000
babylon,0.301278,10.0344678,289965,0.04,1327677207,10084774290,0,100,21,121,13043071,44.98153570258479,44.98153570258479,218731,218975,babylon,0.098769,226333030,291,988157496,90180444,0.099511,0.092356,0.00259592,2.699,5550534,2.514,2294036491,10015636491,0,0.166134,1744445501743,0.067702,1745036761815,1.274,2.699,14.256,26.207,-11.926,0,1747008000000
babylon,0.301374,10.0398674,281356,0.04,1327253770,10082583870,0,100,20,120,12517827,44.49106114673226,44.49106114673226,217978,218122,babylon,0.096247,220782496,296,963924173,72241795,0.099063,0.090233,0.00119202,1.254,2231705,1.021,2294036491,10015636491,0,0.166134,1744445501743,0.067702,1745036761815,2.208,1.254,6.811,19.38,15.289,0,1746921600000
babylon,0.301457,10.0420186,272746,0.04,1326891605,10080393781,0,100,20,120,11995171,43.979273756535385,43.979273756535385,216197,216346,babylon,0.095313,218550792,291,954180674,94950102,0.095137,0.085385,0.00796084,9.114,18162844,9.064,2294036491,10015636491,0,0.166134,1744445501743,0.067702,1745036761815,2.451,9.114,-4.837,24.499,0,0,1746835200000
babylon,0.295157,10.0247309,264144,0.04,1355211456,10078203456,0,100,18,118,11468767,43.41861636077291,43.41861636077291,216197,216346,babylon,0.087269,200046360,296,873391347,82433397,0.089648,0.077844,0.00942569,12.108,21471471,12.024,2294036491,10015636491,0,0.166134,1744445501743,0.067702,1745036761815,0.785,12.108,-14.474,16.601,0,0,1746748800000
babylon,0.295003,10.0385711,255523,0.04,1355918130,10076013025,0,100,18,118,10935861,42.797951652101766,42.797951652101766,212384,212527,babylon,0.077817,178574888,294,779648090,51443179,0.07976,0.076352,-0.00069926,-0.891,-1523618,-0.846,2294036491,10015636491,0,0.166134,1744445501743,0.067702,1745036761815,-0.607,-0.891,-27.897,-2.903,0,0,1746662400000
babylon,0.29525,10.0272766,246918,0.04,1354784222,10073822804,0,100,18,118,10406586,42.1459188880519,42.1459188880519,211780,211923,babylon,0.07853,180098506,293,786300120,77451242,0.085061,0.075402,-0.00491016,-5.885,-11259989,-5.884,2294036491,10015636491,0,0.166134,1744445501743,0.067702,1745036761815,-0.335,-5.885,-11.691,-6.708,0,0,1746576000000
babylon,0.295262,10.0339838,238302,0.04,1354729640,10071632263,0,100,17,117,9875517,41.44118387592215,41.44118387592215,210645,210787,babylon,0.083411,191146606,286,834535512,58033602,0.089401,0.082773,-0.00412162,-4.709,-9279515,-4.63,2294036491,10015636491,0,0.166134,1744445501743,0.067702,1745036761815,-0.671,-4.709,-3.504,-0.191,0,0,1746489600000